{"short_name":"Simplify App","name":"Simplify App","icons":[{"src":"icon-120.png","sizes":"120x120","type":"image/png","purpose":"any maskable"},{"src":"icon-144.png","sizes":"144x144","type":"image/png","purpose":"any maskable"},{"src":"icon-152.png","sizes":"152x152","type":"image/png","purpose":"any maskable"},{"src":"icon-167.png","sizes":"167x167","type":"image/png","purpose":"any maskable"},{"src":"icon-192.png","sizes":"192x192","type":"image/png","purpose":"any maskable"},{"src":"icon-198.png","sizes":"198x198","type":"image/png","purpose":"any maskable"},{"src":"icon-512.png","sizes":"512x512","type":"image/png","purpose":"any maskable"}],"start_url":"/simplifyApp/","display":"standalone","theme_color":"#000000","background_color":"#ffffff"}